ngã y,tá»«,nghe,bã¬nh chá»?n
13/09/2012,annorlunda [sv],phã¡t ã¢m annorlunda,0 bã¬nh chá»?n
13/09/2012,siffror [sv],phã¡t ã¢m siffror,0 bã¬nh chá»?n
13/09/2012,bokskog [sv],phã¡t ã¢m bokskog,0 bã¬nh chá»?n
13/09/2012,barrskog [sv],phã¡t ã¢m barrskog,0 bã¬nh chá»?n
13/09/2012,lã¶vskog [sv],phã¡t ã¢m lã¶vskog,0 bã¬nh chá»?n
13/09/2012,kristi himmelsfã¤rdsdag [sv],phã¡t ã¢m kristi himmelsfã¤rdsdag,0 bã¬nh chá»?n
13/09/2012,tavla [sv],phã¡t ã¢m tavla,1 bã¬nh chá»?n
13/09/2012,hã¶rlurar [sv],phã¡t ã¢m hã¶rlurar,0 bã¬nh chá»?n
13/09/2012,kaktus [sv],phã¡t ã¢m kaktus,0 bã¬nh chá»?n
13/09/2012,flyttkartong [sv],phã¡t ã¢m flyttkartong,0 bã¬nh chá»?n
13/09/2012,stuprã¤nna [sv],phã¡t ã¢m stuprã¤nna,0 bã¬nh chá»?n
13/09/2012,vattenbalja [sv],phã¡t ã¢m vattenbalja,0 bã¬nh chá»?n
13/09/2012,trã¤nsbett [sv],phã¡t ã¢m trã¤nsbett,0 bã¬nh chá»?n
13/09/2012,kandar [sv],phã¡t ã¢m kandar,0 bã¬nh chá»?n
13/09/2012,nosgrimma [sv],phã¡t ã¢m nosgrimma,0 bã¬nh chá»?n
13/09/2012,element [sv],phã¡t ã¢m element,0 bã¬nh chá»?n
13/09/2012,fã¶nsterruta [sv],phã¡t ã¢m fã¶nsterruta,0 bã¬nh chá»?n
13/09/2012,dusch [sv],phã¡t ã¢m dusch,0 bã¬nh chá»?n
13/09/2012,toalettstol [sv],phã¡t ã¢m toalettstol,0 bã¬nh chá»?n
13/09/2012,tvã¤ttstã¤ll [sv],phã¡t ã¢m tvã¤ttstã¤ll,0 bã¬nh chá»?n
13/09/2012,blã¥bã¤r [sv],phã¡t ã¢m blã¥bã¤r,0 bã¬nh chá»?n
13/09/2012,vanligtvis [sv],phã¡t ã¢m vanligtvis,0 bã¬nh chá»?n
13/09/2012,kanske [sv],phã¡t ã¢m kanske,3 bã¬nh chá»?n
13/09/2012,humla [sv],phã¡t ã¢m humla,0 bã¬nh chá»?n
13/09/2012,bonniers litterã¤ra magasin [sv],phã¡t ã¢m bonniers litterã¤ra magasin,0 bã¬nh chá»?n
12/09/2012,hundvalp [sv],phã¡t ã¢m hundvalp,0 bã¬nh chá»?n
12/09/2012,kattungar [sv],phã¡t ã¢m kattungar,0 bã¬nh chá»?n
12/09/2012,eluttag [sv],phã¡t ã¢m eluttag,0 bã¬nh chá»?n
12/09/2012,inventera [sv],phã¡t ã¢m inventera,0 bã¬nh chá»?n
